beta,varbeta,snp,pos,type,N,MAF,pval
5.81594749682457,0.07437538738323686,rs1026226,8282614,cc,343,0.1661807580174927,8.790515175867848e-65
6.075277204704312,0.10169989795683418,rs17145465,8283710,cc,343,0.12536443148688048,1.1589810706352016e-55
7.661506618316256,0.7730963688796864,rs17145467,8283724,cc,343,0.0058309037900874635,1.2876187841970106e-16
7.153330898694859,0.21527539274075547,rs930719,8285341,cc,343,0.037900874635568516,4.340973799477564e-41
6.497137147717631,0.2196816624253919,rs1868971,8285828,cc,343,0.05830903790087463,5.518778278770177e-35
6.499993833227334,0.18161835598486933,rs17145492,8288481,cc,343,0.06997084548104957,1.9596110458427327e-40
7.157533327171446,0.21900217140731534,rs4787162,8290105,cc,343,0.037900874635568516,1.3310640913120322e-40
7.153767070941502,0.21915977381749965,rs896396,8293032,cc,343,0.037900874635568516,1.5060820038732603e-40
7.220741433770312,0.22235780879407308,rs896395,8293109,cc,343,0.03498542274052478,1.1274771083455577e-40
6.450290397983634,0.17819337938722923,rs7184544,8293475,cc,343,0.0728862973760933,1.5162098982659026e-40
8.075312539120787,2.6828791070060287,rs17145509,8295126,cc,343,0.06997084548104957,1.2838622766424263e-06
5.625744787688104,0.06278627240411652,rs7195828,8295407,cc,343,0.20116618075801748,3.004296503657195e-69
5.825570569082586,0.07670006154009598,rs7203229,8295580,cc,343,0.16326530612244897,1.2710056229724632e-63
6.450290397983634,0.17819337938722923,rs12931734,8296086,cc,343,0.0728862973760933,1.5162098982659026e-40
5.624309419300517,0.05874593024991151,rs982855,8297685,cc,343,0.20699708454810495,3.2580270171936357e-72
5.641321854269511,0.06404219430893332,rs1462099,8298133,cc,343,0.19825072886297376,1.2846689501868178e-68
8.338871689323144,2.0955189494428037,rs17145534,8298526,cc,343,0.08746355685131195,1.870177024392487e-08
6.634766449231242,0.21101665526080407,rs10492875,8301008,cc,343,0.05830903790087463,3.002477883390969e-37
7.176892823222411,0.203060559103147,rs982488,8301134,cc,343,0.037900874635568516,4.096073665055419e-43
7.176892823222411,0.203060559103147,rs17707179,8302418,cc,343,0.037900874635568516,4.096073665055419e-43
6.945024570693739,0.45349509385608017,rs12919950,8302778,cc,343,0.023323615160349854,6.815104907584838e-22
7.854611392983532,1.171866008825759,rs4787167,8302974,cc,343,0.0029154518950437317,2.697665168501845e-12
6.530777600003191,0.2271530144545164,rs1551175,8303460,cc,343,0.05830903790087463,2.2803662969904243e-34
5.652369082708982,0.0584869801671974,rs8055091,8304319,cc,343,0.20408163265306123,7.19852564055413e-73
7.726964440112604,1.324666463114025,rs9927623,8304438,cc,343,0.0029154518950437317,7.914640212127189e-11
7.185810150828263,0.20088163590760683,rs8057880,8304796,cc,343,0.037900874635568516,1.5467356262556765e-43
5.649604344725195,0.05857834565031604,rs8062548,8305106,cc,343,0.20408163265306123,9.405364829688819e-73
5.647239842822975,0.058991782336216374,rs4346186,8305679,cc,343,0.20408163265306123,2.1506851006323948e-72
7.72977989050014,0.770023814806363,rs17145560,8307671,cc,343,0.008746355685131196,6.461136197514916e-17
6.777206243652805,0.26666118666095284,rs17145575,8308675,cc,343,0.04081632653061224,3.787214446930861e-32
7.910344672222622,0.6684596806479961,rs17145577,8308847,cc,343,0.0058309037900874635,9.930722078206007e-20
7.127371590316018,0.33038926534204643,rs17707607,8308855,cc,343,0.029154518950437316,2.0590170194556765e-29
5.648816446064334,0.04602226870078692,rs1551170,8309511,cc,343,0.22448979591836735,2.8857293993520207e-84
7.720823467091105,1.3249438445432062,rs12103124,8309930,cc,343,0.0029154518950437317,8.209372664615154e-11
6.688938636674873,0.20073960631875598,rs11077278,8310880,cc,343,0.05539358600583091,3.6973876823962406e-39
6.471723170607586,0.1247219060392781,rs8057314,8313272,cc,343,0.08454810495626822,9.650367217549933e-53
7.117249728317099,0.40805691460584165,rs12446951,8315470,cc,343,0.023323615160349854,8.337493037313593e-25
6.582866479890065,0.16184969685838468,rs12929785,8321223,cc,343,0.06705539358600583,7.41442395769222e-45
6.910952066967538,0.21954139598872793,rs11861081,8321930,cc,343,0.043731778425655975,1.8870445134126307e-38
6.009457462731504,0.0818104085792129,rs10852697,8323886,cc,343,0.13994169096209913,1.5944991080687676e-63
5.630468872888973,0.05690288717599367,rs1868970,8324988,cc,343,0.21282798833819241,8.96958770380021e-74
5.630468872888973,0.05690288717599367,rs1868967,8325274,cc,343,0.21282798833819241,8.96958770380021e-74
7.517054243773682,0.8342743724912426,rs5011699,8326545,cc,343,0.008746355685131196,3.9856784431024e-15
7.517054243773682,0.8342743724912426,rs921473,8328333,cc,343,0.008746355685131196,3.9856784431024e-15
5.630468872888973,0.05690288717599367,rs1868966,8328543,cc,343,0.21282798833819241,8.96958770380021e-74
7.517054243773682,0.8342743724912426,rs11077283,8328969,cc,343,0.008746355685131196,3.9856784431024e-15
5.597248313297781,0.05575590762132295,rs12102940,8329116,cc,343,0.21865889212827988,3.622726981466886e-74
5.630468872888973,0.05690288717599367,rs12102368,8329283,cc,343,0.21282798833819241,8.96958770380021e-74
5.630468872888973,0.05690288717599367,rs9302866,8329390,cc,343,0.21282798833819241,8.96958770380021e-74
5.630468872888973,0.05690288717599367,rs2034587,8329513,cc,343,0.21282798833819241,8.96958770380021e-74
7.00812578989459,0.21006045240442092,rs10852699,8330327,cc,343,0.043731778425655975,1.3786740318690091e-40
7.00812578989459,0.21006045240442092,rs10852700,8330421,cc,343,0.043731778425655975,1.3786740318690091e-40
7.014073916120916,0.20801214650099495,rs5015251,8330492,cc,343,0.043731778425655975,6.168292987504899e-41
7.00812578989459,0.21006045240442092,rs5015250,8330522,cc,343,0.043731778425655975,1.3786740318690091e-40
6.385988706604673,0.13524219401409002,rs9924397,8332873,cc,343,0.08454810495626822,7.078125140137697e-49
7.118999945301077,0.3409279014065012,rs17145648,8333541,cc,343,0.029154518950437316,1.2217778923949672e-28
8.075953555219604,0.8868778417372496,rs17145657,8333947,cc,343,0.0029154518950437317,3.472413146298435e-16
7.733749025805588,0.9374577280313049,rs17145664,8334711,cc,343,0.0058309037900874635,2.121896213326087e-14
6.18557831249892,0.09036886345058033,rs995037,8335105,cc,343,0.12536443148688048,8.640936153133905e-62
6.334858738870586,0.09356256173310894,rs1010114,8336315,cc,343,0.11078717201166181,2.519004373606709e-62
6.180779807187425,0.08647424104435836,rs11077287,8337001,cc,343,0.1282798833819242,1.4790974674301692e-63
7.169734869539722,0.3682286814751867,rs17145680,8337388,cc,343,0.026239067055393587,3.0157032857478842e-27
6.4191014688809,0.14174336499882736,rs8053877,8337803,cc,343,0.08454810495626822,1.3049427591461354e-47
8.095789677537129,1.1606177913750866,rs11643061,8338606,cc,343,0.14868804664723032,5.036060988336603e-13
6.019736472871649,0.10052608788625145,rs2198184,8340940,cc,343,0.13119533527696792,2.1027722107963332e-55
6.04037547568317,0.12789119526958304,rs2360852,8341184,cc,343,0.11370262390670553,5.695357414047314e-47
6.289086809705755,0.17907253004210433,rs12918248,8341334,cc,343,0.07871720116618076,6.82105573409369e-39
7.182931497292196,0.3676748604363023,rs2218897,8341756,cc,343,0.026239067055393587,2.327162620876327e-27
7.13451032654946,0.5142937230783394,rs1015989,8342171,cc,343,0.01749271137026239,1.1989357282900614e-20
6.010639758200335,0.10146614756827997,rs1015990,8342368,cc,343,0.13119533527696792,6.2037206053762966e-55
5.9718165087212025,0.09737629738450658,rs2360853,8344784,cc,343,0.13702623906705538,5.185559294857669e-56
8.7742806156035,11.269103241171981,rs7201961,8346687,cc,343,0.01749271137026239,0.009350784207825516
7.781815504477896,2.201047078946035,rs11863411,8347726,cc,343,0.0029154518950437317,2.741720756301774e-07
6.61692084065894,0.15462227193456574,rs12597811,8349377,cc,343,0.0728862973760933,1.0196085006162404e-46
8.459272690421868,2.664315885232825,rs8058307,8351785,cc,343,0.06997084548104957,3.750971021528678e-07
8.150121418878463,9.657960108110188,rs8053368,8351933,cc,343,0.02040816326530612,0.009118246628393589
6.68822351377597,0.21576292915657364,rs12934830,8353467,cc,343,0.05539358600583091,4.489865486895748e-37
7.365095209310383,0.7255603131024475,rs17777099,8355250,cc,343,0.014577259475218658,2.0875769288167862e-16
8.193481518628182,1.013621571110867,rs17777124,8355593,cc,343,0.0029154518950437317,7.52985491709498e-15
8.49819372221859,3.845614002687819,rs17145695,8356326,cc,343,0.04956268221574344,1.9315861634228136e-05
8.032203278535974,8.432016643549423,rs2218895,8359716,cc,343,0.023323615160349854,0.005981128726134207
7.8150385289768405,0.7927606919094878,rs39568,8360838,cc,343,0.0058309037900874635,8.120778942027903e-17
7.700871281232034,1.3591601053124327,rs7189949,8368076,cc,343,0.0029154518950437317,1.5177315131746848e-10
7.700871281232034,1.3591601053124327,rs7186497,8369852,cc,343,0.0029154518950437317,1.5177315131746848e-10
7.686688622991742,1.3264816604003822,rs4500706,8370625,cc,343,0.0029154518950437317,1.0052935906846526e-10
7.686688622991742,1.3264816604003822,rs723442,8374096,cc,343,0.0029154518950437317,1.0052935906846526e-10
7.78403778781473,1.1490881213530355,rs40643,8374633,cc,343,0.0058309037900874635,2.600544887086846e-12
7.686688622991742,1.3264816604003822,rs8054048,8374698,cc,343,0.0029154518950437317,1.0052935906846526e-10
6.965599620326952,0.25221723793551704,rs9921983,8376203,cc,343,0.037900874635568516,5.145320688526532e-35
6.99627138805527,0.483834885325033,rs35975024,8376321,cc,343,0.023323615160349854,5.09038198571577e-21
7.009129470583087,0.2768712187884757,rs4787180,8377167,cc,343,0.037900874635568516,6.720981470392176e-33
7.349198145145681,0.5836361538322344,rs29577,8378733,cc,343,0.014577259475218658,1.5169963885865498e-19
7.389407389880711,0.7359941729947597,rs9935188,8379372,cc,343,0.011661807580174927,2.648833781638976e-16
7.8458949586929805,1.9751708412209434,rs9929109,8380704,cc,343,0.0029154518950437317,4.831083438681318e-08
7.291233546967382,0.45486756877548196,rs43161,8382737,cc,343,0.01749271137026239,1.2499707496241748e-23
8.090261647559128,1.779055654085564,rs187615,8382864,cc,343,0.10204081632653061,3.4844018981123965e-09
7.271418692438719,0.46116051887868953,rs40256,8382920,cc,343,0.01749271137026239,2.885314676964491e-23
7.057857650181932,0.5439997775377152,rs8055662,8383343,cc,343,0.02040816326530612,2.2347518541641587e-19
7.249883987533465,1.0152165527150403,rs12599515,8383389,cc,343,0.008746355685131196,3.968378615275529e-12
7.058805713713828,0.5509268350322256,rs8056186,8383584,cc,343,0.02040816326530612,3.504256337783876e-19
6.235356961900418,0.18616580563284296,rs370603,8384475,cc,343,0.08163265306122448,2.790561641837154e-37
5.7641128426514525,0.0710589012912357,rs40257,8386583,cc,343,0.17784256559766765,5.752718110882626e-66
7.043919488944409,0.5515406839714891,rs8060123,8387954,cc,343,0.02040816326530612,4.2480399510241848e-19
7.049454505640838,0.43423376093144994,rs39570,8388933,cc,343,0.026239067055393587,3.1243168385603333e-23
8.179480132195948,1.8942317304735445,rs39778,8388982,cc,343,0.09620991253644315,6.8961820826248995e-09
6.997970691976576,0.4953756693142358,rs7203328,8389987,cc,343,0.026239067055393587,1.254465469530401e-20
6.96265498040448,0.5548688634761072,rs4787183,8390515,cc,343,0.023323615160349854,1.2019383456338808e-18
7.46427425654067,0.7445274776612795,rs1868965,8391912,cc,343,0.008746355685131196,2.0270254740714935e-16
7.373876790530173,1.1672670259150477,rs40645,8392711,cc,343,0.0058309037900874635,4.0111978264830166e-11
6.1453330280197385,0.14500266391585512,rs40387,8393029,cc,343,0.09912536443148688,5.857898527619348e-44
6.997075963613928,0.6495492567480753,rs29586,8396491,cc,343,0.01749271137026239,1.619372254138245e-16
6.105398181463126,0.14270430301957776,rs11077289,8396691,cc,343,0.10204081632653061,4.709483044499336e-44
8.043669326038929,2.1889302260778276,rs39780,8397400,cc,343,0.08454810495626822,1.0342527219318517e-07
5.9812128018518695,0.14709313452009398,rs443760,8399272,cc,343,0.10787172011661808,8.537684502719527e-42
6.87681451087837,0.6032856730123084,rs29590,8399691,cc,343,0.02040816326530612,4.657587731807096e-17
6.024899537086393,0.13167269275597604,rs7199231,8400584,cc,343,0.11078717201166181,8.058220951684133e-46
5.945047295023633,0.1386396374360695,rs40555,8402338,cc,343,0.11370262390670553,2.8384330729124824e-43
7.635639416448011,1.5536555760886295,rs40460,8403593,cc,343,0.0029154518950437317,2.479295413887623e-09
6.537129951318369,0.2930180158203637,rs29599,8405850,cc,343,0.04956268221574344,3.286682350676668e-28
6.13083133732384,0.11998050669395127,rs29600,8406262,cc,343,0.11078717201166181,3.186621092119132e-50
5.894250358365996,0.11259256425817792,rs42386,8414975,cc,343,0.13119533527696792,1.0987144917680094e-49
7.193321726115581,0.5383549738968534,rs29605,8415921,cc,343,0.014577259475218658,3.686007050157231e-20
8.196351430410955,1.1047985481606895,rs4787191,8416649,cc,343,0.15451895043731778,7.675497482402227e-14
6.18502261469985,0.1854088872772252,rs12325361,8418552,cc,343,0.08454810495626822,6.133815174910187e-37
6.694685250957091,0.30269478402885763,rs12325648,8418576,cc,343,0.043731778425655975,1.5016543527858262e-28
7.342840717904952,1.249801866105466,rs2361072,8426214,cc,343,0.0058309037900874635,1.8968418726239617e-10
7.861276508819968,1.4613298372453212,rs17145744,8426263,cc,343,0.0029154518950437317,2.7919291791199376e-10
6.354785674975124,0.24681586634120467,rs1542287,8426509,cc,343,0.061224489795918366,6.949400611824063e-31
7.3054385702332905,1.2807258213357293,rs10431962,8426858,cc,343,0.0058309037900874635,3.7007955398308505e-10
7.3054385702332905,1.2807258213357293,rs1868984,8427449,cc,343,0.0058309037900874635,3.7007955398308505e-10
5.91532322932801,0.14224474369497775,rs12924053,8428262,cc,343,0.11370262390670553,3.785005392350018e-42
5.9034009145101445,0.1633500994138421,rs12447384,8429260,cc,343,0.10495626822157435,6.892641897360487e-38
6.466605419598654,0.1724515570807952,rs17199812,8430117,cc,343,0.0728862973760933,1.0569565851855747e-41
8.094120980840128,1.1346917758257,rs10492877,8431533,cc,343,0.15160349854227406,2.9003822950532143e-13
5.894375513117163,0.13219097392576704,rs4786233,8431654,cc,343,0.119533527696793,2.9731143952163614e-44
8.011360767906133,1.164594133917108,rs10492879,8432142,cc,343,0.14868804664723032,9.129963400766863e-13
7.481870751175466,0.7204908321226575,rs7206785,8432428,cc,343,0.008746355685131196,6.198838972103884e-17
6.3848781178136695,0.24377440478207474,rs7184311,8432593,cc,343,0.061224489795918366,2.0411388965194073e-31
5.580791522197595,0.07591822922373016,rs2122912,8434739,cc,343,0.18950437317784258,1.6828091100856987e-60
7.4135374471601985,3.89607821046533,rs7203609,8435950,cc,343,0.0029154518950437317,0.0002029758001137401
7.051251879177868,1.4584632987269017,rs2075462,8439394,cc,343,0.008746355685131196,1.2231920862019739e-08
7.450757022199615,3.285943311218697,rs8058752,8439874,cc,343,0.0029154518950437317,4.9522529796738284e-05
8.075753141461977,1.4513353329947123,rs17145771,8440150,cc,343,0.12244897959183673,8.415779336141115e-11
7.450757022199615,3.285943311218697,rs9937901,8440301,cc,343,0.0029154518950437317,4.9522529796738284e-05
5.609791525753251,0.0816992410235765,rs12448378,8440823,cc,343,0.18075801749271136,5.5990937839182855e-58
5.915364298855394,0.13631977882020135,rs12595861,8441300,cc,343,0.11661807580174927,1.7144185632986574e-43
7.393527905069037,0.8253813705514038,rs17145777,8441498,cc,343,0.008746355685131196,7.535880614870958e-15
7.463598113044933,3.466870916242706,rs766010,8441731,cc,343,0.0029154518950437317,7.505260451598599e-05
7.393527905069037,0.8253813705514038,rs12447938,8442526,cc,343,0.008746355685131196,7.535880614870958e-15
7.324035081028841,1.2506083571592135,rs12599418,8443102,cc,343,0.0058309037900874635,2.1232423083558482e-10
7.324035081028841,1.2506083571592135,rs12599961,8443410,cc,343,0.0058309037900874635,2.1232423083558482e-10
7.324035081028841,1.2506083571592135,rs4786234,8444058,cc,343,0.0058309037900874635,2.1232423083558482e-10
6.216736679028266,0.23885839785898466,rs8046811,8445231,cc,343,0.06997084548104957,1.2900659587871092e-30
5.804634292883315,0.12984205212840028,rs8051427,8445307,cc,343,0.1282798833819242,7.671921028355821e-44
5.519712671367708,0.07994710210436336,rs7500432,8446817,cc,343,0.1924198250728863,1.4753562937743568e-57
7.3629196014022185,34.324126729092974,rs17145794,8448485,cc,343,0.0058309037900874635,0.2097003610767489
7.475344616797838,3.4663578158133475,rs1881344,8448578,cc,343,0.0029154518950437317,7.307351220776926e-05
7.223704322861078,0.6052816199375984,rs12597409,8452884,cc,343,0.014577259475218658,1.9176544168137852e-18
6.204800052732541,0.08967247563089392,rs12600131,8453292,cc,343,0.119533527696793,2.294696809919599e-62
6.304375634499667,0.13548422937437363,rs896401,8454655,cc,343,0.09329446064139942,6.360039825925959e-48
7.02412675487207,0.4304465168760208,rs12325385,8458215,cc,343,0.026239067055393587,2.920243351871712e-23
6.92921507209506,0.29064116246997657,rs6501109,8458888,cc,343,0.03498542274052478,4.05863796619082e-31
6.038808163429302,0.13879881291817261,rs1528341,8459229,cc,343,0.10787172011661808,3.054406190314505e-44
8.084847889245388,1.6728016068674183,rs4383128,8462873,cc,343,0.10787172011661808,1.2145358358214931e-09
8.056239197613923,1.6251011259206316,rs4141505,8467728,cc,343,0.11078717201166181,8.173736364610434e-10
8.034458097576096,1.579590620247899,rs6501116,8469190,cc,343,0.11370262390670553,5.34317338399471e-10
8.034900371674933,1.6261051201499563,rs12444380,8470217,cc,343,0.11078717201166181,9.107133537423421e-10
5.6318621204018955,0.06726995207857552,rs8048890,8470353,cc,343,0.19825072886297376,2.508059982901024e-66
8.131391992916349,1.835058792360615,rs9934899,8470582,cc,343,0.09912536443148688,4.9544710368295315e-09
6.501469102291879,0.33312988805849086,rs17670989,8471195,cc,343,0.04664723032069971,3.0287225908123027e-25
5.831235112621133,0.083022984482792,rs4488430,8471501,cc,343,0.15743440233236153,1.9659608171907202e-60
6.211137576666802,0.14843030229703266,rs2290287,8471719,cc,343,0.09329446064139942,6.825391453483578e-44
6.413528222291141,0.17071983200875215,rs2290288,8471939,cc,343,0.07580174927113703,1.6649330506650064e-41
8.169526946825371,1.7205527707566937,rs17145828,8473678,cc,343,0.10495626822157435,1.384280821921932e-09
5.840271532707172,0.08223320391923868,rs4787209,8473960,cc,343,0.15743440233236153,6.0076647195296924e-61
7.490661475946975,0.6980017216752238,rs17750544,8474160,cc,343,0.008746355685131196,2.0496645479621514e-17
8.017052631408468,1.5804075326073515,rs7404750,8477866,cc,343,0.11370262390670553,5.849142231967825e-10
6.246936056526012,0.18970595565604376,rs1868982,8482610,cc,343,0.07871720116618076,7.440934485756917e-37
5.674854038213542,0.06734755854948725,rs7499729,8483424,cc,343,0.1924198250728863,6.183754676257267e-67
5.674854038213542,0.06734755854948725,rs6501125,8483476,cc,343,0.1924198250728863,6.183754676257267e-67
6.246936056526012,0.18970595565604376,rs764681,8483775,cc,343,0.07871720116618076,7.440934485756917e-37
5.972904759789131,0.08725564486508144,rs6501126,8483921,cc,343,0.14285714285714285,2.3075454195606092e-60
5.680036658204749,0.06679812549266093,rs7190869,8486539,cc,343,0.1924198250728863,2.268445054917017e-67
6.588767892708959,0.16405749842434442,rs2361074,8495409,cc,343,0.06705539358600583,1.7931545117742942e-44
6.541944272272566,0.16221782999571474,rs2361075,8495528,cc,343,0.06997084548104957,2.242135846009712e-44
7.52632773756938,0.4188211409862946,rs12930293,8496035,cc,343,0.014577259475218658,1.4393552363252202e-26
7.573858415622661,0.41672253839392037,rs12935204,8499315,cc,343,0.014577259475218658,6.059449598064505e-27
5.551250131575348,0.05949295064165531,rs1528347,8499511,cc,343,0.21574344023323616,1.8386730798272937e-70
5.768422116478121,0.06690863612493725,rs7498312,8499784,cc,343,0.18075801749271136,1.1875461201090961e-68
6.7473654202023745,0.2458104355779166,rs1006760,8501041,cc,343,0.04664723032069971,5.230048432429193e-34
7.743780915731241,1.101795329098304,rs9939575,8501213,cc,343,0.0058309037900874635,1.2329763731694103e-12
6.616514675698287,0.29509328778486194,rs17791503,8501329,cc,343,0.04664723032069971,1.3572333767504214e-28
6.7473654202023745,0.2458104355779166,rs8045405,8503222,cc,343,0.04664723032069971,5.230048432429193e-34
6.924087938609254,0.24945019251116507,rs8052532,8503685,cc,343,0.04081632653061224,5.447701758233227e-35
6.281238005098711,0.140064556163147,rs935807,8505587,cc,343,0.09037900874635568,1.5318022719268912e-46
7.999074629728428,1.5812494564752122,rs12598182,8505922,cc,343,0.11370262390670553,6.420535720920941e-10
7.737529391013351,1.1261752022367248,rs4586417,8507929,cc,343,0.0058309037900874635,2.149772833011216e-12
6.9046287499629555,0.2235778270175159,rs4616275,8508059,cc,343,0.04664723032069971,7.141258889939596e-38
6.68368603264528,0.21769063994009474,rs13336364,8509214,cc,343,0.052478134110787174,8.710297231641326e-37
6.4159604846978935,0.15222588552213437,rs12709230,8509240,cc,343,0.08163265306122448,3.498283533395141e-45
6.98358687331079,0.3330189037777094,rs7500250,8510122,cc,343,0.03206997084548105,2.651920495629065e-28
7.198948771468442,0.32739090970525375,rs4238896,8511784,cc,343,0.026239067055393587,4.289000378980768e-30
6.472662539817752,0.16972473497353655,rs12919774,8515708,cc,343,0.0728862973760933,2.952673742168183e-42
5.750246852435172,0.0748731607278585,rs7186417,8515905,cc,343,0.1749271137026239,1.5302872360393779e-63
7.287037187595538,0.4892695627332129,rs11861312,8516188,cc,343,0.01749271137026239,2.960388394398376e-22
6.8751839949753855,0.40913256120051394,rs4238897,8517232,cc,343,0.029154518950437316,2.0706173474524632e-23
5.594360158150962,0.06666595887871159,rs4313799,8519116,cc,343,0.20116618075801748,3.8592457987632893e-66
5.851308488985172,0.08379687107475091,rs4614709,8519627,cc,343,0.15743440233236153,2.4609176864629698e-60
6.356708638865303,0.15881772021038848,rs12934978,8520158,cc,343,0.08163265306122448,3.2802910739555987e-43
6.356708638865303,0.15881772021038848,rs11077309,8520579,cc,343,0.08163265306122448,3.2802910739555987e-43
6.090309977886907,0.1132975548870287,rs11077310,8520601,cc,343,0.11661807580174927,8.251347819156959e-52
5.582941161973622,0.06776808389909743,rs12443675,8521020,cc,343,0.20116618075801748,2.9149256913614718e-65
6.704039216090825,0.3283529547988399,rs4786244,8521342,cc,343,0.04081632653061224,8.00824993342822e-27
7.582113889593496,0.9094877095480611,rs12443887,8524680,cc,343,0.0058309037900874635,2.7332957729870937e-14
6.61047765173838,0.32594584498355017,rs7205690,8527308,cc,343,0.043731778425655975,2.2076109528300007e-26
5.597961070277554,0.076990134844484,rs6501143,8531584,cc,343,0.18950437317784258,3.5095672582768523e-60
6.518634938947257,0.32357916053114566,rs10468336,8532256,cc,343,0.04664723032069971,5.979792560857249e-26
6.518634938947257,0.32357916053114566,rs8047467,8533418,cc,343,0.04664723032069971,5.979792560857249e-26
6.046128717463148,0.10795719690425076,rs1980388,8533572,cc,343,0.12244897959183673,4.758864642581227e-53
5.752470177957276,0.08144781770422986,rs9928124,8534737,cc,343,0.16909620991253643,4.162078826732512e-60
5.743525485746865,0.08221015544586448,rs9935330,8534828,cc,343,0.16909620991253643,1.3190395207565874e-59
7.834773367561015,1.7909523201818298,rs9938690,8535598,cc,343,0.0029154518950437317,1.1226923966444852e-08
7.834773367561015,1.7909523201818298,rs9933436,8536143,cc,343,0.0029154518950437317,1.1226923966444852e-08
6.12060774516952,0.10870703489359529,rs12922438,8537801,cc,343,0.11661807580174927,1.0562877956674919e-53
5.561855638731281,0.06593288002008109,rs11077311,8539285,cc,343,0.20699708454810495,4.0945805146049485e-66
8.325191994102335,2.3516124827668468,rs12929740,8540731,cc,343,0.07871720116618076,1.0769602055773722e-07
6.293664922159257,0.16682526392032235,rs12920180,8541061,cc,343,0.08454810495626822,4.689734748344834e-41
7.793410069774577,2.6959593177920453,rs13330424,8542446,cc,343,0.0029154518950437317,3.047680777959709e-06
7.833060366770193,1.8489848187728906,rs12102842,8545110,cc,343,0.0029154518950437317,1.869734255126297e-08
7.8221974549732,1.7915280532123974,rs12102843,8545146,cc,343,0.0029154518950437317,1.187924771029903e-08
6.452194140569974,0.2374666861767904,rs4786249,8546503,cc,343,0.061224489795918366,1.36112615340537e-32
6.399601035913669,0.23211255434292652,rs9652648,8548150,cc,343,0.0641399416909621,9.347049590238186e-33
5.9605240146329725,0.09659789071494104,rs4787232,8550555,cc,343,0.13702623906705538,3.559147505658135e-56
7.366352349894999,1.373897741415651,rs12102978,8551693,cc,343,0.008746355685131196,1.0011054022687673e-09
7.366352349894999,1.373897741415651,rs12102952,8551761,cc,343,0.008746355685131196,1.0011054022687673e-09
5.955135047724052,0.08894562941045936,rs12932004,8553132,cc,343,0.14285714285714285,2.3796442555162415e-59
6.019780712018931,0.08941072044192913,rs8063201,8557407,cc,343,0.13702623906705538,5.220155522865444e-60
5.614481856220797,0.06456850735464326,rs11860880,8558352,cc,343,0.20408163265306123,7.711777910209906e-68
6.655423958853936,0.36663656423898633,rs4786255,8558725,cc,343,0.037900874635568516,2.862705523812415e-24
5.603945565496932,0.08102016516652003,rs11077313,8559501,cc,343,0.1836734693877551,3.1682340014401605e-58
6.740916752052076,0.37423231586067957,rs4787235,8560489,cc,343,0.03498542274052478,2.2827258373904596e-24
6.740916752052076,0.37423231586067957,rs4787236,8561159,cc,343,0.03498542274052478,2.2827258373904596e-24
8.280698325117019,2.177616341501991,rs12926449,8561975,cc,343,0.08454810495626822,4.1490334225303416e-08
5.931803462311493,0.08503241529254073,rs1919071,8564756,cc,343,0.14868804664723032,7.505975427149391e-61
5.865820813599068,0.12927652736488682,rs9936616,8565140,cc,343,0.12244897959183673,1.1593582757357273e-44
5.640372929176712,0.0609175439594306,rs12923941,8565722,cc,343,0.20408163265306123,7.8855811761817e-71
6.766416445510216,0.36952375923902486,rs4787243,8566301,cc,343,0.03498542274052478,9.09997068036074e-25
5.937608472628142,0.08432030513521831,rs11077314,8566630,cc,343,0.14868804664723032,2.8309421522062888e-61
5.640372929176712,0.0609175439594306,rs4787244,8567282,cc,343,0.20408163265306123,7.8855811761817e-71
5.9015264680585,0.10971365726573605,rs7194451,8571389,cc,343,0.13119533527696792,1.0739405721169257e-50
5.9015264680585,0.10971365726573605,rs6501149,8571959,cc,343,0.13119533527696792,1.0739405721169257e-50
5.6591101919683044,0.06345442851542224,rs12709233,8571972,cc,343,0.20116618075801748,2.646717413197112e-69
6.678045147346653,0.2485316435420761,rs7201758,8572158,cc,343,0.04956268221574344,3.4716245560128916e-33
6.269154709102896,0.12126347862038629,rs4787247,8575286,cc,343,0.10495626822157435,1.9151110663645295e-51
5.809701637700936,0.09557650189877927,rs2887671,8578345,cc,343,0.15160349854227406,1.2697690743029766e-54
6.683098153430877,0.23820241234643452,rs8054376,8579361,cc,343,0.04664723032069971,2.481136210579604e-34
5.736071015047086,0.08246037274340963,rs8054576,8579546,cc,343,0.1661807580174927,2.220781205109012e-59
5.821313645088931,0.08580670813527934,rs1528337,8581799,cc,343,0.15451895043731778,5.7213123537616345e-59
5.8002883398767615,0.08455944012843956,rs11077316,8583486,cc,343,0.15743440233236153,2.894050425220558e-59
5.815416730439249,0.08650437938051603,rs7199774,8583765,cc,343,0.15451895043731778,1.4471788510437053e-58
6.777515010359995,0.2509689113285433,rs4617842,8584665,cc,343,0.04081632653061224,1.0670035982789064e-33
5.815416730439249,0.08650437938051603,rs4787249,8585420,cc,343,0.15451895043731778,1.4471788510437053e-58
6.697185640298546,0.22071664182317832,rs13337192,8587688,cc,343,0.052478134110787174,1.6314812604752363e-36
6.823414355173952,0.5206748702105727,rs8061765,8590873,cc,343,0.023323615160349854,5.273251703702721e-19
5.826424450718383,0.08270557145087819,rs9935924,8592549,cc,343,0.16034985422740525,1.6036062973019417e-60
5.62333744488928,0.0618229902813956,rs13331113,8595074,cc,343,0.20408163265306123,6.735422392297998e-70
6.173600511815119,0.1375296278463486,rs9937034,8595735,cc,343,0.10204081632653061,5.390073043862084e-46
6.202695576818904,0.142931569198257,rs13333952,8597082,cc,343,0.09912536443148688,4.958867448142095e-45
7.6376740053608,0.6914986372748497,rs4786261,8597701,cc,343,0.0058309037900874635,4.0582382332062875e-18
5.643582356371223,0.06432627238815242,rs4354918,8598169,cc,343,0.19825072886297376,1.855420217600731e-68
5.882649629605386,0.08370766102943793,rs10468320,8599619,cc,343,0.15451895043731778,8.19804158969976e-61
5.825649261418221,0.08036262758178737,rs4322647,8602078,cc,343,0.16326530612244897,1.1002312992815509e-61
6.231990087680815,0.14570746528962558,rs9921593,8602591,cc,343,0.09620991253644315,1.0389404432867262e-44
5.815172939694159,0.07527687895524508,rs9935078,8604798,cc,343,0.16909620991253643,2.9225379294354423e-64
5.815172939694159,0.07527687895524508,rs9925238,8604855,cc,343,0.16909620991253643,2.9225379294354423e-64
6.328312708949287,0.13927845305493616,rs6501161,8608296,cc,343,0.09329446064139942,3.0849973408435814e-47
6.127644127179777,0.12720457075771205,rs4474660,8608446,cc,343,0.11078717201166181,3.891258512972485e-48
6.127644127179777,0.12720457075771205,rs9302868,8609969,cc,343,0.11078717201166181,3.891258512972485e-48
7.851003967047298,4.130101542427549,rs9302869,8609991,cc,343,0.04664723032069971,0.00013387500445522014
6.062640340027816,0.06801165090135636,rs4569257,8611633,cc,343,0.15743440233236153,2.2250257579819703e-72
6.2170136965273635,0.09471138734129926,rs4580141,8615209,cc,343,0.12536443148688048,2.749797980283303e-60
5.809965894497654,0.04993119415600558,rs13334339,8615618,cc,343,0.20408163265306123,5.166837472829108e-83
7.271539184840122,0.6290903451138512,rs11077319,8617762,cc,343,0.01749271137026239,4.599563070986758e-18
6.875609760279393,0.33413687524569874,rs12923305,8625523,cc,343,0.03498542274052478,1.5418393202097978e-27
5.667708022905185,0.07027641238508389,rs7197392,8626082,cc,343,0.18658892128279883,5.360567299758424e-65
7.335356913223508,0.34606449160655484,rs9929530,8627136,cc,343,0.023323615160349854,1.1315409797845559e-29
6.3772545377540375,0.17207646598191162,rs6501163,8628332,cc,343,0.07871720116618076,6.480954497300155e-41
6.05728961641337,0.12570791482603028,rs7187729,8629164,cc,343,0.11370262390670553,9.497624455234839e-48
6.270676390185385,0.08906450573417965,rs3924628,8631063,cc,343,0.119533527696793,1.572616372431237e-63
6.209754766124513,0.08772886227520497,rs3924627,8631127,cc,343,0.12536443148688048,2.4079380472825622e-63
5.527859319441587,0.0695575674152443,rs12709236,8635994,cc,343,0.20408163265306123,2.537871010974153e-63
5.3938909747584205,0.04679444138365314,rs7500465,8690594,cc,343,0.26239067055393583,6.169910850835416e-79
5.863763845440678,0.09050236193924378,rs2312948,8693163,cc,343,0.15160349854227406,1.9481959147504024e-57
5.85391188504945,0.07221355343306832,rs933488,8696378,cc,343,0.1661807580174927,1.3237095978209743e-66
5.747978750400763,0.06490518615173821,rs2312949,8701636,cc,343,0.18658892128279883,1.1027724494008138e-69
6.19042590952154,0.11332595395006982,rs12448218,8705547,cc,343,0.10495626822157435,5.345086471703457e-53
8.09002320204975,0.8228255729684041,rs7499607,8705664,cc,343,0.0058309037900874635,2.89932066377743e-17
8.09002320204975,0.8228255729684041,rs9928229,8706201,cc,343,0.0058309037900874635,2.89932066377743e-17
6.247431228289262,0.11808238287365337,rs12449002,8706369,cc,343,0.09912536443148688,3.6876114252914386e-52
5.751559358288681,0.06747664390843379,rs9939360,8708383,cc,343,0.1836734693877551,5.054768294420626e-68
7.596990102980325,0.8454402419301651,rs12446439,8708862,cc,343,0.0058309037900874635,3.179148834636064e-15
7.681715457410139,0.6788830738197709,rs7197351,8709168,cc,343,0.011661807580174927,1.4403256850392852e-18
7.156232048810612,0.5998809876767736,rs17650602,8710021,cc,343,0.01749271137026239,2.694436251150593e-18
7.68430717367106,0.6582504045461995,rs10775286,8710285,cc,343,0.011661807580174927,4.70459007228954e-19
7.675420943128543,0.6586494983623287,rs7195689,8714620,cc,343,0.011661807580174927,5.224243313387539e-19
7.6830666985059795,0.6684391568082407,rs7185211,8714774,cc,343,0.011661807580174927,8.235021203646493e-19
7.675420943128543,0.6586494983623287,rs12922295,8715243,cc,343,0.011661807580174927,5.224243313387539e-19
7.675420943128543,0.6586494983623287,rs6498214,8716107,cc,343,0.011661807580174927,5.224243313387539e-19
7.493416797898071,0.4926271747584472,rs12597469,8722052,cc,343,0.01749271137026239,3.7165664395948317e-23
6.413659400807399,0.2245485741359649,rs2302607,8729124,cc,343,0.061224489795918366,1.0124161866809255e-33
7.761816188770253,0.644858028639638,rs4985090,8735581,cc,343,0.0058309037900874635,1.0681388500417697e-19
7.779060836336612,0.5490094810941072,rs2241102,8736264,cc,343,0.011661807580174927,1.5501829436375773e-22
7.645497081933673,0.4736183502874349,rs2270287,8739110,cc,343,0.014577259475218658,1.087650862892737e-24
7.7721579842388415,0.6542800449186115,rs1730989,8741265,cc,343,0.0058309037900874635,1.6535561654393675e-19
7.7721579842388415,0.6542800449186115,rs1379,8743227,cc,343,0.0058309037900874635,1.6535561654393675e-19
5.761936808814182,0.06991038777772071,rs6498521,8747827,cc,343,0.1836734693877551,1.2295849033987937e-66
6.798037922099004,0.22220642323252213,rs4313808,8749804,cc,343,0.04664723032069971,3.660840829350967e-37
6.937292148924882,0.2556328554522748,rs1629679,8750103,cc,343,0.04081632653061224,1.939807454334203e-34
6.7548172923604515,0.27226424530054716,rs7203454,8751210,cc,343,0.043731778425655975,1.8109136836156702e-31
6.918974411335837,0.3107762908762537,rs9923816,8752547,cc,343,0.03498542274052478,1.8654786511206985e-29
6.207389188625752,0.11798739826352678,rs8050839,8754502,cc,343,0.10787172011661808,1.0156014305740195e-51
7.677180335722758,0.6897295329033757,rs1620139,8755121,cc,343,0.008746355685131196,2.6056752130337277e-18
7.677180335722758,0.6897295329033757,rs1620091,8755147,cc,343,0.008746355685131196,2.6056752130337277e-18
5.45458730228056,0.05176747091689005,rs4985110,8762366,cc,343,0.239067055393586,3.236738386108833e-75
7.600632275011063,0.4580401553700066,rs1358692,8764318,cc,343,0.014577259475218658,4.007439842923277e-25
6.745600328022835,0.3267185045808921,rs1345300,8764428,cc,343,0.04081632653061224,3.390903467596867e-27
7.85699221868881,0.7269340959429147,rs1730964,8767878,cc,343,0.0058309037900874635,3.230603525902329e-18
7.862380668886322,0.7387855991862459,rs1730962,8768801,cc,343,0.0058309037900874635,5.359699512872113e-18
6.763371336765445,0.23114367083210688,rs1730958,8771186,cc,343,0.04956268221574344,8.777227519834019e-36
6.1730934971909885,0.08561945437795682,rs1641107,8772577,cc,343,0.1282798833819242,7.196793022070815e-64
5.643236284789953,0.05056038185396836,rs9935902,8774159,cc,343,0.22157434402332363,1.4658990915454646e-79
7.8532731282210495,0.7910090205146143,rs1730944,8776753,cc,343,0.0058309037900874635,5.5368916449385923e-17
6.168910674872242,0.08136719234051379,rs1730943,8776984,cc,343,0.13119533527696792,5.596027591851672e-66
7.094782161342097,0.3384899356851474,rs12921061,8777117,cc,343,0.029154518950437316,1.1989663828327223e-28
6.166742874485239,0.08198499222769211,rs1730938,8778151,cc,343,0.13119533527696792,1.2666007173524805e-65
5.626719844146326,0.04646988572542947,rs4985113,8779590,cc,343,0.2303206997084548,2.1389399165748585e-83
7.857362030123279,0.7514424543801851,rs1273349,8779797,cc,343,0.0058309037900874635,9.929104153104408e-18
6.239466709903107,0.13604105307009098,rs11646372,8781510,cc,343,0.09620991253644315,4.47752078725904e-47
5.761016168818463,0.07799403907770247,rs1273353,8782971,cc,343,0.17201166180758018,5.348283675224052e-62
5.761016168818463,0.07799403907770247,rs747330,8783491,cc,343,0.17201166180758018,5.348283675224052e-62
6.808022612760625,0.27015425921081526,rs4454975,8784466,cc,343,0.04081632653061224,4.750888673267157e-32
7.040990673070678,0.29153140511523096,rs1273357,8784847,cc,343,0.03498542274052478,7.892337083094155e-32
7.856781471014406,0.7514691297870499,rs1273369,8788758,cc,343,0.0058309037900874635,9.990276426691378e-18
5.640144248942681,0.051263557192785504,rs6497327,8790884,cc,343,0.21865889212827988,7.636292623682962e-79
6.4331507622370685,0.1559589950342289,rs1273376,8791912,cc,343,0.07871720116618076,1.4516136199151346e-44
6.648549293249557,0.18710537814761186,rs1731070,8800619,cc,343,0.05830903790087463,6.670583725768013e-41
6.648549293249557,0.18710537814761186,rs1731062,8802752,cc,343,0.05830903790087463,6.670583725768013e-41
7.70857693409142,1.508331148232204,rs12447371,8802832,cc,343,0.0029154518950437317,1.0480425340222364e-09
6.702610635427149,0.18940915472368666,rs1731061,8803004,cc,343,0.05539358600583091,5.051169091852405e-41
6.702610635427149,0.18940915472368666,rs1640980,8803621,cc,343,0.05539358600583091,5.051169091852405e-41
6.702610635427149,0.18940915472368666,rs1273385,8806421,cc,343,0.05539358600583091,5.051169091852405e-41
7.117993643279714,0.3409697923872797,rs2241103,8806922,cc,343,0.029154518950437316,1.2478922022896878e-28
6.308260899224435,0.11125102497722403,rs7188782,8807315,cc,343,0.10204081632653061,4.1491807497495175e-55
5.722948943430232,0.05817386609709225,rs1420082,8809702,cc,343,0.19825072886297376,2.9383842100385566e-74
7.353174823707275,1.3744648962542507,rs12149040,8809852,cc,343,0.0058309037900874635,1.0761401733097774e-09
6.973976652096254,0.34006317739384445,rs8055836,8811986,cc,343,0.029154518950437316,8.915661248261065e-28
6.972337217983281,0.34352633228053703,rs6497548,8812663,cc,343,0.029154518950437316,1.5242823602933228e-27
6.138840147754884,0.12046202451902588,rs1273394,8813287,cc,343,0.10787172011661808,3.572514141444825e-50
7.557042501533458,0.9277020187739758,rs2313427,8815000,cc,343,0.0058309037900874635,5.551727905967458e-14
7.672678019687398,1.3271108826022433,rs41427146,8815466,cc,343,0.0029154518950437317,1.0921147776922049e-10
7.021383636613555,0.5817988358394917,rs12445987,8818682,cc,343,0.02040816326530612,3.4815230689199846e-18
7.9179496927610575,8.437345187907988,rs1640988,8822021,cc,343,0.023323615160349854,0.006742791491258553
7.61068074533738,0.45759322429541793,rs1731083,8824150,cc,343,0.011661807580174927,3.3869327692443807e-25
6.825745905400979,0.2103287964230283,rs11074534,8830220,cc,343,0.043731778425655975,5.612683996947949e-39
5.737660726503474,0.07444664904593717,rs4984999,8830826,cc,343,0.17201166180758018,1.3457159233197284e-63
7.094546159858791,0.4372802754861163,rs1641002,8834632,cc,343,0.023323615160349854,2.4341072255915784e-23
7.046504597956993,0.3207967885561231,rs1641003,8834816,cc,343,0.029154518950437316,1.4432764070564416e-29
5.973863433812554,0.08054544564596913,rs1731017,8839954,cc,343,0.14868804664723032,1.1149505505996535e-63
5.920719444044867,0.07709733688579824,rs2103340,8840025,cc,343,0.15743440233236153,8.995044839239208e-65
8.61052428706278,7.446022643382114,rs1731039,8846692,cc,343,0.026239067055393587,0.0017445061767657657
8.61052428706278,7.446022643382114,rs1641015,8847502,cc,343,0.026239067055393587,0.0017445061767657657
8.61052428706278,7.446022643382114,rs10852271,8847672,cc,343,0.026239067055393587,0.0017445061767657657
7.222241812214737,0.3042068579238507,rs1273422,8849013,cc,343,0.023323615160349854,4.9139284239771905e-32
7.131658288310273,0.461597208235125,rs13337024,8853787,cc,343,0.023323615160349854,1.573864754250081e-22
6.818742945224947,0.19721459438272523,rs8046201,8853987,cc,343,0.04956268221574344,7.711161046673573e-41
5.895539719304283,0.08628651977674019,rs1641019,8854407,cc,343,0.15160349854227406,9.23283445604319e-60
7.8270057404840365,1.0099279471083862,rs1273402,8857792,cc,343,0.16909620991253643,8.180880879629425e-14
8.610207498568371,6.679757637757015,rs9937937,8859598,cc,343,0.029154518950437316,0.0009583454192498048
7.060616236139007,0.32659800957791946,rs12708689,8860900,cc,343,0.026239067055393587,3.0336423596401355e-29
7.588241688515094,0.5812559736800067,rs8049072,8862212,cc,343,0.008746355685131196,1.1571084555075458e-20
7.660925011511579,0.5393748105657646,rs8053509,8862271,cc,343,0.008746355685131196,2.6597188122992616e-22
5.96431915186795,0.08087860757726693,rs8057362,8862296,cc,343,0.14868804664723032,2.2619901151219964e-63
6.025688682937546,0.09258077749831894,rs3815508,8862956,cc,343,0.13702623906705538,1.0845526928798854e-58
6.163013380834812,0.08486348276038526,rs11862060,8862990,cc,343,0.13119533527696792,4.179768677393497e-64
8.176437600492543,1.528652235337946,rs1273418,8865819,cc,343,0.11661807580174927,1.4494311214951864e-10
7.294283152869328,1.7083518953995889,rs9924807,8865963,cc,343,0.0058309037900874635,4.879161633770803e-08
7.681892891903315,9.679635548869797,rs8056083,8866195,cc,343,0.02040816326530612,0.014033363098718289
6.627645739815687,0.16011999814365718,rs12925086,8866280,cc,343,0.06705539358600583,1.172820445970868e-45
7.294283152869328,1.7083518953995889,rs9937726,8866582,cc,343,0.0058309037900874635,4.879161633770803e-08
5.685907646565452,0.06292415556906808,rs1273420,8867596,cc,343,0.19825072886297376,4.251963555895072e-70
5.685907646565452,0.06292415556906808,rs1641021,8868640,cc,343,0.19825072886297376,4.251963555895072e-70
5.685907646565452,0.06292415556906808,rs1641022,8868776,cc,343,0.19825072886297376,4.251963555895072e-70
5.57419889273462,0.0600558179882077,rs12930556,8870618,cc,343,0.2099125364431487,2.073643093178752e-70
6.638484729525617,0.17765425554750414,rs1641024,8871372,cc,343,0.06705539358600583,2.0695318396432786e-42
6.6352675549119695,0.1791474798343922,rs1641025,8871388,cc,343,0.06705539358600583,4.0535399259845703e-42
6.587034479281087,0.16911986346327587,rs1079348,8873456,cc,343,0.0641399416909621,1.7791910901045204e-43
5.777791400356322,0.08629668852281652,rs1079349,8873493,cc,343,0.15451895043731778,3.798146098855463e-58
5.569764234383689,0.0711819405861202,rs1079350,8873652,cc,343,0.1924198250728863,5.468518105613679e-63
8.123102443760857,3.6384667922677107,rs1641029,8873709,cc,343,0.052478134110787174,2.6619448141674093e-05
6.154630562129778,0.11242992249773594,rs1075853,8874779,cc,343,0.11078717201166181,7.300766100174966e-53
5.6447711377680285,0.049028509506783884,rs2270288,8875529,cc,343,0.22740524781341107,4.451429119740635e-81
8.403116089576697,7.456340679882685,rs737694,8875585,cc,343,0.026239067055393587,0.0022570944501783194
5.663945091905253,0.04927953569937839,rs3743798,8875799,cc,343,0.22448979591836735,3.6884611411799974e-81
6.057002459641501,0.0949714958013224,rs7205816,8876418,cc,343,0.1282798833819242,4.3133918236442625e-58
7.44888189813627,0.8670933259205469,rs17674530,8876497,cc,343,0.008746355685131196,1.956735822987673e-14
7.843376056304987,1.3875140711420662,rs17566580,8876620,cc,343,0.0029154518950437317,1.1031652673389192e-10
6.2833741687252465,0.18440816089049306,rs7201586,8876692,cc,343,0.07580174927113703,5.469248147975586e-38
8.552658563756465,8.406777816062661,rs17651562,8876788,cc,343,0.023323615160349854,0.003399310724304702
7.610737179490753,2.208746880497058,rs4985036,8877220,cc,343,0.0029154518950437317,5.085820020737975e-07
6.3015724991220985,0.13650952268782127,rs11648372,8877401,cc,343,0.09037900874635568,1.238196999311005e-47
6.535898429171123,0.3897599743338104,rs8275,8877832,cc,343,0.03498542274052478,1.966306469824446e-22
5.58289163330204,0.05717595499489305,rs7204765,8881967,cc,343,0.2099125364431487,8.947299444945105e-73
5.58289163330204,0.05717595499489305,rs1865806,8882652,cc,343,0.2099125364431487,8.947299444945105e-73
6.3130244669379545,0.18201804578690015,rs7192702,8882888,cc,343,0.07580174927113703,1.2255768256449975e-38
6.566751501660628,0.3810093140289081,rs3760024,8889467,cc,343,0.03498542274052478,5.039641469919112e-23
5.769168414668902,0.1037453711941936,rs1864,8889533,cc,343,0.13994169096209913,4.4767864730656045e-51
5.471512610105303,0.05674243703588466,rs12049,8889628,cc,343,0.22448979591836735,2.7347325734116005e-71
6.938648393474811,0.21289374351177498,rs11642272,8890574,cc,343,0.04664723032069971,1.3762847550447567e-39
6.239321579875819,0.3092720383013143,rs9939787,8892014,cc,343,0.052478134110787174,4.393910580626171e-25
7.656739442350932,2.382849801043493,rs9926107,8892145,cc,343,0.0029154518950437317,1.1118882148058427e-06
6.1120294627305665,0.1945811192263311,rs17747560,8892154,cc,343,0.08163265306122448,5.825548161381085e-35
8.469017814843834,9.64246366481872,rs9931867,8892175,cc,343,0.02040816326530612,0.006714086629528096
6.534652902567345,0.3088851993866079,rs17674628,8892471,cc,343,0.043731778425655975,4.901589190173795e-27
6.542297429600156,0.1634066425739031,rs3785176,8896931,cc,343,0.07580174927113703,3.834543692927725e-44
7.856631042290735,1.3187580658160087,rs17566708,8900436,cc,343,0.0029154518950437317,3.62697047711595e-11
6.0484561977647395,0.17683752094165656,rs17651644,8900815,cc,343,0.09037900874635568,5.1582569865563635e-37
7.741863489282451,1.9146043765153677,rs8046212,8901283,cc,343,0.0029154518950437317,4.524491293203298e-08
7.741863489282451,1.9146043765153677,rs4985037,8902411,cc,343,0.0029154518950437317,4.524491293203298e-08
5.477216904436679,0.05777736369681946,rs11074924,8905054,cc,343,0.22157434402332363,1.4338549400126611e-70
6.093843290353622,0.23797757162101196,rs3826198,8906539,cc,343,0.06997084548104957,9.324160699863804e-30
5.644340721659295,0.051731305801849536,rs3743809,8906573,cc,343,0.22448979591836735,1.7645235055000292e-78
6.300830873788499,0.3376357428901182,rs3743807,8907025,cc,343,0.04664723032069971,9.574811107617121e-24
5.377263236086408,0.047318125411179066,rs8057024,8908811,cc,343,0.26822157434402333,4.1504562369462015e-78
7.725712786803613,1.9153348216104076,rs1529913,8911074,cc,343,0.0029154518950437317,4.838928603321929e-08
7.438892862315017,0.6592108459824882,rs4247100,8912593,cc,343,0.011661807580174927,4.801618050040993e-18
7.701990802426637,1.9817129622214686,rs1985263,8913804,cc,343,0.0029154518950437317,8.652856701918879e-08
7.469414025465078,0.6387870021353526,rs8050781,8920881,cc,343,0.011661807580174927,1.2158825577038869e-18
7.763715042152574,1.8521472850118372,rs4985045,8922038,cc,343,0.0029154518950437317,2.5253942206465922e-08
7.741863489282451,1.9146043765153677,rs6498141,8923215,cc,343,0.0029154518950437317,4.524491293203298e-08
5.529533458688082,0.06698111942164833,rs9931331,8926598,cc,343,0.2099125364431487,6.1111927738401845e-65
6.024960772177952,0.16325485268645515,rs11645498,8940422,cc,343,0.09620991253644315,4.347676887549561e-39
6.216218677328802,0.20778229707973836,rs2075827,8941818,cc,343,0.0728862973760933,4.0842796948646755e-34
6.216218677328802,0.20778229707973836,rs2072688,8941857,cc,343,0.0728862973760933,4.0842796948646755e-34
6.216218677328802,0.20778229707973836,rs1056898,8942679,cc,343,0.0728862973760933,4.0842796948646755e-34
7.60458412956756,2.4834183151639215,rs2447927,8943277,cc,343,0.0029154518950437317,2.106830719845609e-06
5.84480361240168,0.15648843105115057,rs4985053,8943551,cc,343,0.10787172011661808,1.4983573010773736e-38
6.853853599623876,0.31047182808139934,rs4985054,8945568,cc,343,0.03498542274052478,4.835603246778018e-29
6.570733876578428,0.2842662996920782,rs17680152,8946601,cc,343,0.052478134110787174,3.9534395478007543e-29
5.720098096146115,0.08392598163888758,rs1058967,8947036,cc,343,0.16326530612244897,1.8679889887626996e-58
5.449499069659604,0.05958966216522631,rs2447924,8948473,cc,343,0.22448979591836735,9.598181471049803e-69
7.579668603395877,1.1842740322102085,rs6899,8948898,cc,343,0.0058309037900874635,1.6905192609742656e-11
7.5986950895957825,2.385438958421872,rs6898,8948974,cc,343,0.0029154518950437317,1.3482593868778562e-06
7.579668603395877,1.1842740322102085,rs2231709,8949187,cc,343,0.0058309037900874635,1.6905192609742656e-11
6.162273168140276,0.30693748190703657,rs4985055,8949474,cc,343,0.05539358600583091,9.73870215689179e-25
7.395978305594259,0.7130353371886958,rs4985056,8949647,cc,343,0.011661807580174927,9.291184229854777e-17
7.579668603395877,1.1842740322102085,rs17566813,8950250,cc,343,0.0058309037900874635,1.6905192609742656e-11
6.34388186333474,0.1874811710025472,rs2437704,8950273,cc,343,0.0728862973760933,4.592186926670719e-38
7.665962673059415,0.9775881496358964,rs1657069,8950418,cc,343,0.0058309037900874635,1.0353601657302643e-13
6.165564005944917,0.19950187030822192,rs1657072,8954494,cc,343,0.07580174927113703,9.268709187829418e-35
6.405293194361876,0.3337547159730062,rs10163323,8957490,cc,343,0.043731778425655975,1.3048201605675022e-24
7.565113207378397,0.8468534605977964,rs168841,8958463,cc,343,0.008746355685131196,4.247291819644414e-15
7.486276343894613,0.6670347415116277,rs254950,8958908,cc,343,0.011661807580174927,4.6564367440193314e-18
6.367393489270986,0.096296298135017,rs4985010,8959326,cc,343,0.10787172011661808,1.4671757918375616e-61
5.847001972451519,0.05930992645016488,rs8050692,8959355,cc,343,0.1836734693877551,2.3626819259237524e-75
5.78161935632941,0.060437137819132555,rs254951,8975057,cc,343,0.18950437317784258,1.9395449473386276e-73
6.09578929202028,0.09067062129209073,rs16964628,8976615,cc,343,0.13119533527696792,1.8548120307543657e-60
8.072676213654635,1.4514806182325122,rs30778,8980952,cc,343,0.0029154518950437317,8.56418749687785e-11
5.876540518606871,0.0701539280011117,rs7188094,8983873,cc,343,0.16909620991253643,3.345967712572007e-68
5.893131941334417,0.07216929039327538,rs30781,8984269,cc,343,0.1661807580174927,3.280379427797625e-67
6.0995347889867535,0.10276538244449435,rs899253,8988135,cc,343,0.12244897959183673,1.438946823730854e-55
5.857689371643613,0.07251630881092389,rs899254,8988188,cc,343,0.16909620991253643,1.76547942059555e-66
5.836014284589607,0.06862011220610548,rs2304465,8992342,cc,343,0.1749271137026239,1.4486858445100926e-68
5.560289923523296,0.04753050196488703,rs2289109,8992828,cc,343,0.239067055393586,4.0366648237805374e-81
6.248488111476839,0.12613458032136496,rs1657091,8995414,cc,343,0.09912536443148688,8.500845575268364e-50
5.97942012110482,0.08809816874367035,rs2447918,8996377,cc,343,0.14285714285714285,4.61095892155113e-60
6.261031038110352,0.12484142575008979,rs1347580,8999548,cc,343,0.09912536443148688,2.63551278897775e-50
5.834664396588179,0.07417424787035803,rs4985012,9000003,cc,343,0.16909620991253643,3.5911518797500027e-65
6.261031038110352,0.12484142575008979,rs1657066,9000085,cc,343,0.09912536443148688,2.63551278897775e-50
5.889462245451481,0.06928578668296037,rs4985065,9002672,cc,343,0.16909620991253643,6.058345488489899e-69
8.365838303000949,1.7657956628984541,rs11648031,9004266,cc,343,0.10204081632653061,9.39155053123715e-10
6.341964760483725,0.13501624473014462,rs7195624,9010213,cc,343,0.09037900874635568,1.875837615421532e-48
5.929512469235901,0.08614155041241886,rs7189170,9014385,cc,343,0.14868804664723032,2.7123578184593307e-60
7.27748867031501,0.32741554288337776,rs1542541,9026400,cc,343,0.026239067055393587,1.3100179667355616e-30
7.27748867031501,0.32741554288337776,rs8045445,9027351,cc,343,0.026239067055393587,1.3100179667355616e-30
6.877261545720034,0.1997706064914023,rs1677480,9027441,cc,343,0.052478134110787174,5.737723798722786e-41
5.647758201728378,0.06600659124742164,rs12924995,9028645,cc,343,0.1924198250728863,2.1526111747409038e-67
7.27748867031501,0.32741554288337776,rs8061621,9029008,cc,343,0.026239067055393587,1.3100179667355616e-30
8.425127336554445,1.3962919023130203,rs2437716,9031104,cc,343,0.12536443148688048,6.007977008762374e-12
7.374411719408849,0.3371415930832331,rs7190551,9032015,cc,343,0.023323615160349854,1.5299718277457682e-30
7.27748867031501,0.32741554288337776,rs8059146,9032964,cc,343,0.026239067055393587,1.3100179667355616e-30
6.877261545720034,0.1997706064914023,rs166231,9033590,cc,343,0.052478134110787174,5.737723798722786e-41
7.211488533120758,0.24202428824945496,rs7342770,9034826,cc,343,0.03498542274052478,4.295081808759095e-38
6.015185478207121,0.10705916539915232,rs1471435,9035124,cc,343,0.12244897959183673,5.600166407779749e-53
6.7105640230293115,0.17214028485823515,rs166232,9035384,cc,343,0.0641399416909621,4.217353480233829e-44
6.886709278406853,0.1977412793086226,rs2248797,9040319,cc,343,0.052478134110787174,2.3014401898737005e-41
7.036368527031714,0.20005893922766857,rs7192755,9043542,cc,343,0.04664723032069971,2.4528142851688364e-42
6.847245099821674,0.1913161669010905,rs12929193,9044162,cc,343,0.05539358600583091,4.963411618044034e-42
6.88750336697527,0.197709297013884,rs10500366,9049110,cc,343,0.052478134110787174,2.2384013786833442e-41
5.733164405983909,0.06731615240752609,rs12446999,9050331,cc,343,0.18075801749271136,7.585977006243348e-68
7.494979116609647,0.3318995938111274,rs4076904,9052473,cc,343,0.02040816326530612,1.0327674844052534e-31
5.632454747774174,0.056837487301279646,rs12923049,9068302,cc,343,0.21574344023323616,7.365764574573364e-74
8.483815237367438,4.715638295544696,rs7191886,9068911,cc,343,0.04081632653061224,0.00011273052184569843
7.806154976232927,0.5046490141278286,rs964006,9080990,cc,343,0.008746355685131196,2.931967454050032e-24
5.6725783324870775,0.06336684804587978,rs9927946,9083367,cc,343,0.1924198250728863,1.4133323458420372e-69
7.384096378566767,0.7725338542177882,rs8063445,9088384,cc,343,0.011661807580174927,1.1989608322418347e-15
7.2287951885026045,0.668221510133608,rs8058889,9089962,cc,343,0.01749271137026239,5.0316189457189494e-17
6.836515820434773,0.14831985284125623,rs4438302,9090615,cc,343,0.0641399416909621,1.9702370140010024e-50
6.132754322918333,0.11763546938485668,rs17652097,9097525,cc,343,0.11078717201166181,5.944770372391563e-51
6.694684626705305,0.1301830150024069,rs732942,9099988,cc,343,0.07580174927113703,1.1492087348893986e-53
7.3108414834151585,0.7756814452480186,rs8058802,9101249,cc,343,0.014577259475218658,2.4263968913791118e-15
5.859055511258793,0.1048780046834535,rs9923450,9102388,cc,343,0.13702623906705538,8.39189774641763e-52
8.067541432481187,1.3422542390121504,rs10221019,9103926,cc,343,0.0029154518950437317,1.7075158548479512e-11
6.191726156180762,0.09315595407198851,rs17748145,9106215,cc,343,0.119533527696793,1.2534959737226554e-60
5.825474036694763,0.062282706510960316,rs899258,9107554,cc,343,0.18075801749271136,9.414260209075673e-73
7.391470842495238,0.3832856752417451,rs1075905,9108098,cc,343,0.02040816326530612,1.0575549942491647e-27
7.391470842495238,0.3832856752417451,rs1075904,9108156,cc,343,0.02040816326530612,1.0575549942491647e-27
7.59886594120071,3.2794258159307335,rs11861968,9109391,cc,343,0.0029154518950437317,3.464420907273537e-05
8.588022897704496,1.3517374941511946,rs12598117,9118815,cc,343,0.1282798833819242,1.161216749407844e-12
6.361745808946281,0.12364483510397072,rs4575534,9127506,cc,343,0.09329446064139942,8.38244454224347e-52
6.683722494000021,0.2483098324695568,rs4985087,9131247,cc,343,0.04956268221574344,2.9775581177237038e-33
6.561683198652332,0.19191855854861162,rs7184991,9141051,cc,343,0.061224489795918366,2.374559361911788e-39
6.073149000952622,0.08372480416841427,rs12447637,9147012,cc,343,0.13702623906705538,1.9424994135680306e-63
5.9410781608861445,0.12744725447788235,rs7198738,9154424,cc,343,0.119533527696793,5.664412841424214e-46
7.909359219665159,8.437742743672294,rs13335056,9160125,cc,343,0.023323615160349854,0.00680342389197006
7.704333137773794,0.8874466559359455,rs8048330,9165054,cc,343,0.008746355685131196,5.704275914555903e-15
7.704333137773794,0.8874466559359455,rs8061017,9165147,cc,343,0.008746355685131196,5.704275914555903e-15
6.1307320706784925,0.16596092306668503,rs12708769,9170248,cc,343,0.09329446064139942,1.2459111207500643e-39
6.70920338926747,0.28134762690432813,rs9673524,9173143,cc,343,0.043731778425655975,2.396299347546565e-30
5.822892547119222,0.09678353047106444,rs6498426,9182577,cc,343,0.14285714285714285,2.5487443598124206e-54
5.847999361289327,0.09761091140910988,rs4566166,9183435,cc,343,0.13994169096209913,2.528367644985792e-54
5.805312936751614,0.07301257760015367,rs12445479,9184894,cc,343,0.1749271137026239,2.0507112515103623e-65
7.260900711774401,0.33151699641804827,rs8047402,9187256,cc,343,0.026239067055393587,3.3350691357654155e-30
7.260900711774401,0.33151699641804827,rs17567304,9187475,cc,343,0.026239067055393587,3.3350691357654155e-30
7.260900711774401,0.33151699641804827,rs12931763,9189524,cc,343,0.026239067055393587,3.3350691357654155e-30
5.573204817606276,0.058132599024040776,rs7186634,9201970,cc,343,0.22157434402332363,7.337367144959967e-72
6.075787343884394,0.14560968857636986,rs9039,9205363,cc,343,0.10204081632653061,4.259519128669231e-43
5.833401743625999,0.09101308015971997,rs1048687,9212987,cc,343,0.1457725947521866,8.2150301483185e-57
6.753428241293612,0.24766463632755523,rs6777,9213419,cc,343,0.04956268221574344,7.382741695974069e-34
5.854791735425906,0.09241067961928931,rs3743832,9213880,cc,343,0.14285714285714285,1.6672220676889187e-56
5.878919177369002,0.09375961729874054,rs12447788,9215165,cc,343,0.13994169096209913,2.9135098507370207e-56
7.238652399063428,0.3429423523022036,rs4386138,9216164,cc,343,0.026239067055393587,2.8807869848911484e-29
6.13848790614739,0.14244163434797982,rs12925781,9216914,cc,343,0.09912536443148688,1.8326770628514532e-44
5.878919177369002,0.09375961729874054,rs9926522,9216948,cc,343,0.13994169096209913,2.9135098507370207e-56
5.715838030822347,0.059449503234235035,rs9932566,9218701,cc,343,0.20116618075801748,3.8192865084535594e-73
6.108846279471211,0.14075725762500285,rs11862745,9218887,cc,343,0.10204081632653061,1.552555093081521e-44
7.456887593699479,0.4477240426098484,rs7206773,9222411,cc,343,0.02040816326530612,8.162127227752988e-25
7.456887593699479,0.4477240426098484,rs7203301,9222778,cc,343,0.02040816326530612,8.162127227752988e-25
6.17853219054543,0.10942194035440031,rs953286,9224222,cc,343,0.119533527696793,3.6577458534125367e-54
7.256291797999408,0.3351571106564517,rs954034,9224319,cc,343,0.026239067055393587,6.47195543385781e-30
7.114664059814434,0.30571183942833785,rs8062321,9225952,cc,343,0.03206997084548105,3.5737051139263907e-31
7.114664059814434,0.30571183942833785,rs8058645,9227392,cc,343,0.03206997084548105,3.5737051139263907e-31
7.023064757276219,0.3903940404225382,rs9925652,9228532,cc,343,0.03206997084548105,3.6967885647508203e-25
7.023064757276219,0.3903940404225382,rs8050335,9229777,cc,343,0.03206997084548105,3.6967885647508203e-25
5.787185580332933,0.04818448221181664,rs907022,9239986,cc,343,0.20699708454810495,2.1690525715024516e-84
6.160248298725472,0.08893838852987733,rs925330,9242520,cc,343,0.12536443148688048,4.13932291065093e-62
5.936663535900446,0.07561398897491059,rs2955394,9246447,cc,343,0.15743440233236153,7.847914177288627e-66
7.35342262730987,0.5602807235798333,rs2941367,9254161,cc,343,0.011661807580174927,3.1541148008540813e-20
6.1867442784120765,0.11419813439786529,rs2941347,9259232,cc,343,0.11370262390670553,1.1355003447592882e-52
7.768554737130128,0.7430738654982065,rs2941346,9259690,cc,343,0.0029154518950437317,1.458903443601894e-17
7.088022858093897,3.909880752698036,rs9922314,9262284,cc,343,0.0029154518950437317,0.0003866487252189964
7.5853768558131796,0.7159307382413377,rs1114620,9263737,cc,343,0.0058309037900874635,2.0653502429187486e-17
5.564213247493458,0.07251081414373763,rs11075237,9266300,cc,343,0.19825072886297376,3.878056846099485e-62
6.3456455510938685,0.13580844409680398,rs2941320,9270011,cc,343,0.09329446064139942,2.7269141694069138e-48
7.803562801133177,0.7293806875607711,rs2965851,9271080,cc,343,0.0029154518950437317,5.776852497775761e-18
8.303698340830286,5.54549487796953,rs8063623,9279670,cc,343,0.03498542274052478,0.00047910272487806395
5.6960749863166615,0.07928555167106037,rs2965831,9279712,cc,343,0.17784256559766765,2.1266830715262976e-60
8.303698340830286,5.54549487796953,rs8063944,9279881,cc,343,0.03498542274052478,0.00047910272487806395
